"from","to","dep.var.id","wave","sim","model","ord"
"V1",NA,NA,1,1,"density-1",2
"V2","V56",1,1,1,"density-1",2
"V2","V79",1,1,1,"density-1",2
"V3",NA,NA,1,1,"density-1",2
"V4","V128",1,1,1,"density-1",2
"V5","V9",1,1,1,"density-1",2
"V5","V138",1,1,1,"density-1",2
"V6","V37",1,1,1,"density-1",2
"V6","V128",1,1,1,"density-1",2
"V7","V107",1,1,1,"density-1",2
"V8",NA,NA,1,1,"density-1",2
"V9","V5",1,1,1,"density-1",2
"V9","V98",1,1,1,"density-1",2
"V10",NA,NA,1,1,"density-1",2
"V11",NA,NA,1,1,"density-1",2
"V12","V103",1,1,1,"density-1",2
"V12","V113",1,1,1,"density-1",2
"V12","V129",1,1,1,"density-1",2
"V12","V137",1,1,1,"density-1",2
"V13","V29",1,1,1,"density-1",2
"V13","V113",1,1,1,"density-1",2
"V13","V120",1,1,1,"density-1",2
"V13","V145",1,1,1,"density-1",2
"V14","V20",1,1,1,"density-1",2
"V14","V60",1,1,1,"density-1",2
"V14","V89",1,1,1,"density-1",2
"V15",NA,NA,1,1,"density-1",2
"V16","V13",1,1,1,"density-1",2
"V17","V36",1,1,1,"density-1",2
"V17","V112",1,1,1,"density-1",2
"V18","V34",1,1,1,"density-1",2
"V18","V123",1,1,1,"density-1",2
"V19","V40",1,1,1,"density-1",2
"V19","V69",1,1,1,"density-1",2
"V20","V25",1,1,1,"density-1",2
"V20","V63",1,1,1,"density-1",2
"V20","V88",1,1,1,"density-1",2
"V21","V122",1,1,1,"density-1",2
"V22","V80",1,1,1,"density-1",2
"V23","V25",1,1,1,"density-1",2
"V24",NA,NA,1,1,"density-1",2
"V25","V23",1,1,1,"density-1",2
"V25","V100",1,1,1,"density-1",2
"V25","V147",1,1,1,"density-1",2
"V26",NA,NA,1,1,"density-1",2
"V27",NA,NA,1,1,"density-1",2
"V28",NA,NA,1,1,"density-1",2
"V29","V23",1,1,1,"density-1",2
"V30","V29",1,1,1,"density-1",2
"V30","V134",1,1,1,"density-1",2
"V31","V91",1,1,1,"density-1",2
"V31","V93",1,1,1,"density-1",2
"V31","V109",1,1,1,"density-1",2
"V32","V60",1,1,1,"density-1",2
"V33","V61",1,1,1,"density-1",2
"V33","V100",1,1,1,"density-1",2
"V33","V129",1,1,1,"density-1",2
"V34","V18",1,1,1,"density-1",2
"V35","V123",1,1,1,"density-1",2
"V36","V17",1,1,1,"density-1",2
"V36","V137",1,1,1,"density-1",2
"V37","V6",1,1,1,"density-1",2
"V37","V137",1,1,1,"density-1",2
"V38",NA,NA,1,1,"density-1",2
"V39","V101",1,1,1,"density-1",2
"V40",NA,NA,1,1,"density-1",2
"V41","V5",1,1,1,"density-1",2
"V41","V110",1,1,1,"density-1",2
"V42",NA,NA,1,1,"density-1",2
"V43","V127",1,1,1,"density-1",2
"V44","V39",1,1,1,"density-1",2
"V45",NA,NA,1,1,"density-1",2
"V46","V60",1,1,1,"density-1",2
"V46","V140",1,1,1,"density-1",2
"V47","V70",1,1,1,"density-1",2
"V47","V80",1,1,1,"density-1",2
"V47","V110",1,1,1,"density-1",2
"V47","V121",1,1,1,"density-1",2
"V48","V45",1,1,1,"density-1",2
"V49",NA,NA,1,1,"density-1",2
"V50","V69",1,1,1,"density-1",2
"V51","V61",1,1,1,"density-1",2
"V52","V16",1,1,1,"density-1",2
"V52","V105",1,1,1,"density-1",2
"V52","V112",1,1,1,"density-1",2
"V53","V24",1,1,1,"density-1",2
"V53","V82",1,1,1,"density-1",2
"V53","V154",1,1,1,"density-1",2
"V54","V154",1,1,1,"density-1",2
"V55","V107",1,1,1,"density-1",2
"V56","V132",1,1,1,"density-1",2
"V57","V120",1,1,1,"density-1",2
"V58",NA,NA,1,1,"density-1",2
"V59","V123",1,1,1,"density-1",2
"V60","V89",1,1,1,"density-1",2
"V61","V90",1,1,1,"density-1",2
"V61","V124",1,1,1,"density-1",2
"V61","V147",1,1,1,"density-1",2
"V62","V71",1,1,1,"density-1",2
"V62","V98",1,1,1,"density-1",2
"V63","V26",1,1,1,"density-1",2
"V63","V102",1,1,1,"density-1",2
"V64","V48",1,1,1,"density-1",2
"V64","V128",1,1,1,"density-1",2
"V65","V104",1,1,1,"density-1",2
"V66",NA,NA,1,1,"density-1",2
"V67","V71",1,1,1,"density-1",2
"V67","V77",1,1,1,"density-1",2
"V67","V83",1,1,1,"density-1",2
"V68","V124",1,1,1,"density-1",2
"V69","V134",1,1,1,"density-1",2
"V70","V147",1,1,1,"density-1",2
"V71","V67",1,1,1,"density-1",2
"V71","V124",1,1,1,"density-1",2
"V71","V138",1,1,1,"density-1",2
"V72","V40",1,1,1,"density-1",2
"V72","V67",1,1,1,"density-1",2
"V72","V117",1,1,1,"density-1",2
"V72","V121",1,1,1,"density-1",2
"V73","V45",1,1,1,"density-1",2
"V73","V135",1,1,1,"density-1",2
"V73","V136",1,1,1,"density-1",2
"V74",NA,NA,1,1,"density-1",2
"V75","V77",1,1,1,"density-1",2
"V76","V147",1,1,1,"density-1",2
"V76","V150",1,1,1,"density-1",2
"V77","V75",1,1,1,"density-1",2
"V78","V101",1,1,1,"density-1",2
"V79","V2",1,1,1,"density-1",2
"V80","V22",1,1,1,"density-1",2
"V80","V47",1,1,1,"density-1",2
"V81",NA,NA,1,1,"density-1",2
"V82",NA,NA,1,1,"density-1",2
"V83","V67",1,1,1,"density-1",2
"V83","V143",1,1,1,"density-1",2
"V84","V123",1,1,1,"density-1",2
"V85","V41",1,1,1,"density-1",2
"V86",NA,NA,1,1,"density-1",2
"V87","V136",1,1,1,"density-1",2
"V88","V1",1,1,1,"density-1",2
"V88","V20",1,1,1,"density-1",2
"V88","V40",1,1,1,"density-1",2
"V88","V124",1,1,1,"density-1",2
"V88","V146",1,1,1,"density-1",2
"V89","V14",1,1,1,"density-1",2
"V89","V60",1,1,1,"density-1",2
"V90","V61",1,1,1,"density-1",2
"V90","V136",1,1,1,"density-1",2
"V91","V94",1,1,1,"density-1",2
"V92","V104",1,1,1,"density-1",2
"V93","V76",1,1,1,"density-1",2
"V93","V116",1,1,1,"density-1",2
"V94","V27",1,1,1,"density-1",2
"V94","V42",1,1,1,"density-1",2
"V94","V76",1,1,1,"density-1",2
"V94","V91",1,1,1,"density-1",2
"V94","V92",1,1,1,"density-1",2
"V95","V86",1,1,1,"density-1",2
"V95","V106",1,1,1,"density-1",2
"V95","V126",1,1,1,"density-1",2
"V96",NA,NA,1,1,"density-1",2
"V97",NA,NA,1,1,"density-1",2
"V98","V62",1,1,1,"density-1",2
"V98","V82",1,1,1,"density-1",2
"V98","V137",1,1,1,"density-1",2
"V99","V144",1,1,1,"density-1",2
"V100","V85",1,1,1,"density-1",2
"V101","V78",1,1,1,"density-1",2
"V102",NA,NA,1,1,"density-1",2
"V103","V12",1,1,1,"density-1",2
"V103","V54",1,1,1,"density-1",2
"V104","V32",1,1,1,"density-1",2
"V104","V65",1,1,1,"density-1",2
"V104","V92",1,1,1,"density-1",2
"V104","V145",1,1,1,"density-1",2
"V105","V52",1,1,1,"density-1",2
"V106","V86",1,1,1,"density-1",2
"V106","V95",1,1,1,"density-1",2
"V107","V7",1,1,1,"density-1",2
"V108","V2",1,1,1,"density-1",2
"V108","V89",1,1,1,"density-1",2
"V108","V138",1,1,1,"density-1",2
"V109",NA,NA,1,1,"density-1",2
"V110","V47",1,1,1,"density-1",2
"V111","V81",1,1,1,"density-1",2
"V111","V142",1,1,1,"density-1",2
"V112","V17",1,1,1,"density-1",2
"V112","V125",1,1,1,"density-1",2
"V112","V155",1,1,1,"density-1",2
"V113","V8",1,1,1,"density-1",2
"V113","V30",1,1,1,"density-1",2
"V113","V64",1,1,1,"density-1",2
"V113","V101",1,1,1,"density-1",2
"V113","V135",1,1,1,"density-1",2
"V113","V152",1,1,1,"density-1",2
"V114","V10",1,1,1,"density-1",2
"V114","V34",1,1,1,"density-1",2
"V115","V55",1,1,1,"density-1",2
"V115","V122",1,1,1,"density-1",2
"V116","V58",1,1,1,"density-1",2
"V116","V93",1,1,1,"density-1",2
"V117","V72",1,1,1,"density-1",2
"V118",NA,NA,1,1,"density-1",2
"V119","V32",1,1,1,"density-1",2
"V120","V13",1,1,1,"density-1",2
"V120","V27",1,1,1,"density-1",2
"V120","V28",1,1,1,"density-1",2
"V120","V57",1,1,1,"density-1",2
"V120","V89",1,1,1,"density-1",2
"V121","V42",1,1,1,"density-1",2
"V121","V72",1,1,1,"density-1",2
"V122","V21",1,1,1,"density-1",2
"V122","V106",1,1,1,"density-1",2
"V122","V115",1,1,1,"density-1",2
"V122","V130",1,1,1,"density-1",2
"V123","V84",1,1,1,"density-1",2
"V123","V124",1,1,1,"density-1",2
"V123","V147",1,1,1,"density-1",2
"V124","V123",1,1,1,"density-1",2
"V125","V92",1,1,1,"density-1",2
"V125","V112",1,1,1,"density-1",2
"V126",NA,NA,1,1,"density-1",2
"V127","V43",1,1,1,"density-1",2
"V128","V4",1,1,1,"density-1",2
"V128","V63",1,1,1,"density-1",2
"V129","V98",1,1,1,"density-1",2
"V129","V145",1,1,1,"density-1",2
"V130",NA,NA,1,1,"density-1",2
"V131","V56",1,1,1,"density-1",2
"V132","V56",1,1,1,"density-1",2
"V132","V90",1,1,1,"density-1",2
"V132","V155",1,1,1,"density-1",2
"V133","V82",1,1,1,"density-1",2
"V133","V140",1,1,1,"density-1",2
"V134","V4",1,1,1,"density-1",2
"V135","V73",1,1,1,"density-1",2
"V135","V75",1,1,1,"density-1",2
"V135","V113",1,1,1,"density-1",2
"V136","V52",1,1,1,"density-1",2
"V136","V73",1,1,1,"density-1",2
"V136","V90",1,1,1,"density-1",2
"V137",NA,NA,1,1,"density-1",2
"V138","V5",1,1,1,"density-1",2
"V138","V33",1,1,1,"density-1",2
"V138","V71",1,1,1,"density-1",2
"V138","V108",1,1,1,"density-1",2
"V139",NA,NA,1,1,"density-1",2
"V140","V40",1,1,1,"density-1",2
"V140","V46",1,1,1,"density-1",2
"V141","V75",1,1,1,"density-1",2
"V141","V123",1,1,1,"density-1",2
"V142","V38",1,1,1,"density-1",2
"V142","V111",1,1,1,"density-1",2
"V142","V123",1,1,1,"density-1",2
"V143","V83",1,1,1,"density-1",2
"V143","V99",1,1,1,"density-1",2
"V144","V148",1,1,1,"density-1",2
"V145","V129",1,1,1,"density-1",2
"V146",NA,NA,1,1,"density-1",2
"V147","V45",1,1,1,"density-1",2
"V147","V51",1,1,1,"density-1",2
"V147","V61",1,1,1,"density-1",2
"V147","V149",1,1,1,"density-1",2
"V147","V151",1,1,1,"density-1",2
"V148","V6",1,1,1,"density-1",2
"V149","V38",1,1,1,"density-1",2
"V150",NA,NA,1,1,"density-1",2
"V151","V66",1,1,1,"density-1",2
"V151","V101",1,1,1,"density-1",2
"V151","V104",1,1,1,"density-1",2
"V152","V113",1,1,1,"density-1",2
"V153","V46",1,1,1,"density-1",2
"V154","V53",1,1,1,"density-1",2
"V154","V54",1,1,1,"density-1",2
"V154","V103",1,1,1,"density-1",2
"V155",NA,NA,1,1,"density-1",2
"V1","V33",1,1,2,"density-1",4
"V1","V109",1,1,2,"density-1",4
"V2",NA,NA,1,2,"density-1",4
"V3",NA,NA,1,2,"density-1",4
"V4","V128",1,1,2,"density-1",4
"V5","V9",1,1,2,"density-1",4
"V5","V78",1,1,2,"density-1",4
"V6","V14",1,1,2,"density-1",4
"V6","V37",1,1,2,"density-1",4
"V7","V107",1,1,2,"density-1",4
"V8","V11",1,1,2,"density-1",4
"V9","V5",1,1,2,"density-1",4
"V9","V154",1,1,2,"density-1",4
"V10",NA,NA,1,2,"density-1",4
"V11",NA,NA,1,2,"density-1",4
"V12","V103",1,1,2,"density-1",4
"V12","V113",1,1,2,"density-1",4
"V13","V113",1,1,2,"density-1",4
"V13","V120",1,1,2,"density-1",4
"V13","V145",1,1,2,"density-1",4
"V14","V6",1,1,2,"density-1",4
"V14","V60",1,1,2,"density-1",4
"V14","V78",1,1,2,"density-1",4
"V14","V89",1,1,2,"density-1",4
"V15","V28",1,1,2,"density-1",4
"V16","V37",1,1,2,"density-1",4
"V17","V36",1,1,2,"density-1",4
"V18","V24",1,1,2,"density-1",4
"V19","V40",1,1,2,"density-1",4
"V19","V67",1,1,2,"density-1",4
"V19","V71",1,1,2,"density-1",4
"V19","V155",1,1,2,"density-1",4
"V20","V88",1,1,2,"density-1",4
"V21",NA,NA,1,2,"density-1",4
"V22","V24",1,1,2,"density-1",4
"V22","V80",1,1,2,"density-1",4
"V23","V25",1,1,2,"density-1",4
"V23","V47",1,1,2,"density-1",4
"V23","V104",1,1,2,"density-1",4
"V24",NA,NA,1,2,"density-1",4
"V25","V23",1,1,2,"density-1",4
"V25","V147",1,1,2,"density-1",4
"V26","V4",1,1,2,"density-1",4
"V26","V89",1,1,2,"density-1",4
"V27","V15",1,1,2,"density-1",4
"V28",NA,NA,1,2,"density-1",4
"V29","V23",1,1,2,"density-1",4
"V30","V29",1,1,2,"density-1",4
"V31","V52",1,1,2,"density-1",4
"V31","V72",1,1,2,"density-1",4
"V32","V136",1,1,2,"density-1",4
"V33","V61",1,1,2,"density-1",4
"V33","V100",1,1,2,"density-1",4
"V33","V129",1,1,2,"density-1",4
"V34","V67",1,1,2,"density-1",4
"V34","V155",1,1,2,"density-1",4
"V35","V28",1,1,2,"density-1",4
"V36","V17",1,1,2,"density-1",4
"V36","V118",1,1,2,"density-1",4
"V36","V137",1,1,2,"density-1",4
"V37","V6",1,1,2,"density-1",4
"V37","V59",1,1,2,"density-1",4
"V37","V137",1,1,2,"density-1",4
"V38","V64",1,1,2,"density-1",4
"V38","V152",1,1,2,"density-1",4
"V39","V143",1,1,2,"density-1",4
"V40","V62",1,1,2,"density-1",4
"V41",NA,NA,1,2,"density-1",4
"V42","V121",1,1,2,"density-1",4
"V43","V72",1,1,2,"density-1",4
"V44",NA,NA,1,2,"density-1",4
"V45","V73",1,1,2,"density-1",4
"V45","V82",1,1,2,"density-1",4
"V46","V49",1,1,2,"density-1",4
"V46","V60",1,1,2,"density-1",4
"V46","V82",1,1,2,"density-1",4
"V46","V140",1,1,2,"density-1",4
"V47","V70",1,1,2,"density-1",4
"V47","V73",1,1,2,"density-1",4
"V47","V110",1,1,2,"density-1",4
"V48","V115",1,1,2,"density-1",4
"V49","V82",1,1,2,"density-1",4
"V49","V84",1,1,2,"density-1",4
"V50","V84",1,1,2,"density-1",4
"V51","V61",1,1,2,"density-1",4
"V52","V31",1,1,2,"density-1",4
"V52","V72",1,1,2,"density-1",4
"V52","V105",1,1,2,"density-1",4
"V52","V112",1,1,2,"density-1",4
"V53","V27",1,1,2,"density-1",4
"V53","V82",1,1,2,"density-1",4
"V53","V154",1,1,2,"density-1",4
"V54","V154",1,1,2,"density-1",4
"V55",NA,NA,1,2,"density-1",4
"V56","V112",1,1,2,"density-1",4
"V56","V132",1,1,2,"density-1",4
"V57","V120",1,1,2,"density-1",4
"V57","V121",1,1,2,"density-1",4
"V58","V93",1,1,2,"density-1",4
"V59",NA,NA,1,2,"density-1",4
"V60",NA,NA,1,2,"density-1",4
"V61","V51",1,1,2,"density-1",4
"V61","V67",1,1,2,"density-1",4
"V61","V90",1,1,2,"density-1",4
"V61","V147",1,1,2,"density-1",4
"V62","V98",1,1,2,"density-1",4
"V63",NA,NA,1,2,"density-1",4
"V64","V38",1,1,2,"density-1",4
"V65","V104",1,1,2,"density-1",4
"V65","V126",1,1,2,"density-1",4
"V66",NA,NA,1,2,"density-1",4
"V67","V61",1,1,2,"density-1",4
"V67","V77",1,1,2,"density-1",4
"V67","V83",1,1,2,"density-1",4
"V68","V124",1,1,2,"density-1",4
"V69",NA,NA,1,2,"density-1",4
"V70","V47",1,1,2,"density-1",4
"V71","V79",1,1,2,"density-1",4
"V71","V124",1,1,2,"density-1",4
"V71","V138",1,1,2,"density-1",4
"V72","V31",1,1,2,"density-1",4
"V72","V40",1,1,2,"density-1",4
"V72","V52",1,1,2,"density-1",4
"V72","V117",1,1,2,"density-1",4
"V72","V121",1,1,2,"density-1",4
"V72","V128",1,1,2,"density-1",4
"V72","V131",1,1,2,"density-1",4
"V73","V45",1,1,2,"density-1",4
"V73","V69",1,1,2,"density-1",4
"V73","V134",1,1,2,"density-1",4
"V73","V136",1,1,2,"density-1",4
"V74",NA,NA,1,2,"density-1",4
"V75","V77",1,1,2,"density-1",4
"V75","V103",1,1,2,"density-1",4
"V76","V147",1,1,2,"density-1",4
"V76","V150",1,1,2,"density-1",4
"V77","V67",1,1,2,"density-1",4
"V77","V75",1,1,2,"density-1",4
"V77","V106",1,1,2,"density-1",4
"V78","V101",1,1,2,"density-1",4
"V79",NA,NA,1,2,"density-1",4
"V80","V22",1,1,2,"density-1",4
"V80","V83",1,1,2,"density-1",4
"V80","V95",1,1,2,"density-1",4
"V81",NA,NA,1,2,"density-1",4
"V82",NA,NA,1,2,"density-1",4
"V83","V67",1,1,2,"density-1",4
"V83","V80",1,1,2,"density-1",4
"V84","V50",1,1,2,"density-1",4
"V84","V123",1,1,2,"density-1",4
"V85",NA,NA,1,2,"density-1",4
"V86","V4",1,1,2,"density-1",4
"V86","V34",1,1,2,"density-1",4
"V86","V106",1,1,2,"density-1",4
"V87","V41",1,1,2,"density-1",4
"V88","V1",1,1,2,"density-1",4
"V88","V15",1,1,2,"density-1",4
"V88","V20",1,1,2,"density-1",4
"V88","V40",1,1,2,"density-1",4
"V88","V124",1,1,2,"density-1",4
"V88","V126",1,1,2,"density-1",4
"V89","V14",1,1,2,"density-1",4
"V89","V60",1,1,2,"density-1",4
"V89","V112",1,1,2,"density-1",4
"V90","V61",1,1,2,"density-1",4
"V91","V94",1,1,2,"density-1",4
"V91","V126",1,1,2,"density-1",4
"V92",NA,NA,1,2,"density-1",4
"V93","V58",1,1,2,"density-1",4
"V93","V116",1,1,2,"density-1",4
"V94","V76",1,1,2,"density-1",4
"V94","V91",1,1,2,"density-1",4
"V95","V86",1,1,2,"density-1",4
"V95","V106",1,1,2,"density-1",4
"V96",NA,NA,1,2,"density-1",4
"V97","V136",1,1,2,"density-1",4
"V98","V62",1,1,2,"density-1",4
"V98","V137",1,1,2,"density-1",4
"V99",NA,NA,1,2,"density-1",4
"V100",NA,NA,1,2,"density-1",4
"V101","V78",1,1,2,"density-1",4
"V101","V115",1,1,2,"density-1",4
"V102","V32",1,1,2,"density-1",4
"V102","V153",1,1,2,"density-1",4
"V103","V12",1,1,2,"density-1",4
"V104","V23",1,1,2,"density-1",4
"V104","V65",1,1,2,"density-1",4
"V104","V127",1,1,2,"density-1",4
"V105","V52",1,1,2,"density-1",4
"V106","V58",1,1,2,"density-1",4
"V106","V86",1,1,2,"density-1",4
"V106","V95",1,1,2,"density-1",4
"V106","V130",1,1,2,"density-1",4
"V107","V7",1,1,2,"density-1",4
"V107","V16",1,1,2,"density-1",4
"V108","V10",1,1,2,"density-1",4
"V109","V1",1,1,2,"density-1",4
"V110","V47",1,1,2,"density-1",4
"V111","V142",1,1,2,"density-1",4
"V112","V125",1,1,2,"density-1",4
"V113","V135",1,1,2,"density-1",4
"V114","V10",1,1,2,"density-1",4
"V115",NA,NA,1,2,"density-1",4
"V116","V78",1,1,2,"density-1",4
"V116","V93",1,1,2,"density-1",4
"V117","V72",1,1,2,"density-1",4
"V117","V110",1,1,2,"density-1",4
"V118","V45",1,1,2,"density-1",4
"V119",NA,NA,1,2,"density-1",4
"V120","V13",1,1,2,"density-1",4
"V120","V57",1,1,2,"density-1",4
"V120","V117",1,1,2,"density-1",4
"V121","V42",1,1,2,"density-1",4
"V121","V57",1,1,2,"density-1",4
"V121","V72",1,1,2,"density-1",4
"V121","V128",1,1,2,"density-1",4
"V122","V130",1,1,2,"density-1",4
"V123","V84",1,1,2,"density-1",4
"V123","V124",1,1,2,"density-1",4
"V123","V147",1,1,2,"density-1",4
"V124","V142",1,1,2,"density-1",4
"V125","V112",1,1,2,"density-1",4
"V126","V65",1,1,2,"density-1",4
"V127","V43",1,1,2,"density-1",4
"V128","V4",1,1,2,"density-1",4
"V129","V33",1,1,2,"density-1",4
"V129","V98",1,1,2,"density-1",4
"V129","V141",1,1,2,"density-1",4
"V129","V145",1,1,2,"density-1",4
"V130","V106",1,1,2,"density-1",4
"V130","V153",1,1,2,"density-1",4
"V131",NA,NA,1,2,"density-1",4
"V132","V56",1,1,2,"density-1",4
"V132","V155",1,1,2,"density-1",4
"V133","V9",1,1,2,"density-1",4
"V133","V80",1,1,2,"density-1",4
"V134","V36",1,1,2,"density-1",4
"V135","V113",1,1,2,"density-1",4
"V136","V32",1,1,2,"density-1",4
"V136","V73",1,1,2,"density-1",4
"V136","V76",1,1,2,"density-1",4
"V136","V90",1,1,2,"density-1",4
"V137","V98",1,1,2,"density-1",4
"V138","V71",1,1,2,"density-1",4
"V138","V134",1,1,2,"density-1",4
"V139","V60",1,1,2,"density-1",4
"V140","V40",1,1,2,"density-1",4
"V140","V46",1,1,2,"density-1",4
"V141","V129",1,1,2,"density-1",4
"V142","V38",1,1,2,"density-1",4
"V142","V111",1,1,2,"density-1",4
"V143","V103",1,1,2,"density-1",4
"V144",NA,NA,1,2,"density-1",4
"V145","V129",1,1,2,"density-1",4
"V146","V152",1,1,2,"density-1",4
"V147","V45",1,1,2,"density-1",4
"V147","V51",1,1,2,"density-1",4
"V147","V61",1,1,2,"density-1",4
"V148","V101",1,1,2,"density-1",4
"V149","V6",1,1,2,"density-1",4
"V149","V14",1,1,2,"density-1",4
"V149","V59",1,1,2,"density-1",4
"V149","V130",1,1,2,"density-1",4
"V150","V60",1,1,2,"density-1",4
"V150","V76",1,1,2,"density-1",4
"V150","V111",1,1,2,"density-1",4
"V151","V15",1,1,2,"density-1",4
"V152","V141",1,1,2,"density-1",4
"V153",NA,NA,1,2,"density-1",4
"V154","V54",1,1,2,"density-1",4
"V154","V145",1,1,2,"density-1",4
"V155","V139",1,1,2,"density-1",4
"V1","V26",1,1,3,"density-1",1
"V2","V45",1,1,3,"density-1",1
"V3",NA,NA,1,3,"density-1",1
"V4","V128",1,1,3,"density-1",1
"V5","V9",1,1,3,"density-1",1
"V6","V31",1,1,3,"density-1",1
"V6","V37",1,1,3,"density-1",1
"V7","V49",1,1,3,"density-1",1
"V7","V107",1,1,3,"density-1",1
"V7","V111",1,1,3,"density-1",1
"V8",NA,NA,1,3,"density-1",1
"V9","V5",1,1,3,"density-1",1
"V10","V114",1,1,3,"density-1",1
"V11",NA,NA,1,3,"density-1",1
"V12","V42",1,1,3,"density-1",1
"V12","V103",1,1,3,"density-1",1
"V12","V113",1,1,3,"density-1",1
"V13","V113",1,1,3,"density-1",1
"V13","V120",1,1,3,"density-1",1
"V13","V145",1,1,3,"density-1",1
"V14","V60",1,1,3,"density-1",1
"V14","V89",1,1,3,"density-1",1
"V15",NA,NA,1,3,"density-1",1
"V16",NA,NA,1,3,"density-1",1
"V17","V36",1,1,3,"density-1",1
"V18",NA,NA,1,3,"density-1",1
"V19","V40",1,1,3,"density-1",1
"V19","V91",1,1,3,"density-1",1
"V19","V92",1,1,3,"density-1",1
"V20","V10",1,1,3,"density-1",1
"V20","V88",1,1,3,"density-1",1
"V21",NA,NA,1,3,"density-1",1
"V22","V20",1,1,3,"density-1",1
"V22","V80",1,1,3,"density-1",1
"V23","V25",1,1,3,"density-1",1
"V23","V117",1,1,3,"density-1",1
"V24",NA,NA,1,3,"density-1",1
"V25","V23",1,1,3,"density-1",1
"V25","V147",1,1,3,"density-1",1
"V26","V1",1,1,3,"density-1",1
"V26","V55",1,1,3,"density-1",1
"V27","V121",1,1,3,"density-1",1
"V28",NA,NA,1,3,"density-1",1
"V29","V23",1,1,3,"density-1",1
"V29","V30",1,1,3,"density-1",1
"V29","V34",1,1,3,"density-1",1
"V30","V29",1,1,3,"density-1",1
"V31",NA,NA,1,3,"density-1",1
"V32","V59",1,1,3,"density-1",1
"V32","V141",1,1,3,"density-1",1
"V32","V148",1,1,3,"density-1",1
"V33","V61",1,1,3,"density-1",1
"V33","V100",1,1,3,"density-1",1
"V33","V125",1,1,3,"density-1",1
"V33","V129",1,1,3,"density-1",1
"V34","V33",1,1,3,"density-1",1
"V34","V110",1,1,3,"density-1",1
"V35","V92",1,1,3,"density-1",1
"V36","V17",1,1,3,"density-1",1
"V36","V137",1,1,3,"density-1",1
"V37","V6",1,1,3,"density-1",1
"V37","V137",1,1,3,"density-1",1
"V38",NA,NA,1,3,"density-1",1
"V39",NA,NA,1,3,"density-1",1
"V40","V19",1,1,3,"density-1",1
"V41","V44",1,1,3,"density-1",1
"V41","V92",1,1,3,"density-1",1
"V41","V96",1,1,3,"density-1",1
"V42",NA,NA,1,3,"density-1",1
"V43","V72",1,1,3,"density-1",1
"V44","V31",1,1,3,"density-1",1
"V44","V41",1,1,3,"density-1",1
"V44","V123",1,1,3,"density-1",1
"V45",NA,NA,1,3,"density-1",1
"V46","V60",1,1,3,"density-1",1
"V46","V124",1,1,3,"density-1",1
"V46","V140",1,1,3,"density-1",1
"V47","V70",1,1,3,"density-1",1
"V47","V86",1,1,3,"density-1",1
"V47","V110",1,1,3,"density-1",1
"V48",NA,NA,1,3,"density-1",1
"V49","V147",1,1,3,"density-1",1
"V50","V88",1,1,3,"density-1",1
"V50","V102",1,1,3,"density-1",1
"V51","V61",1,1,3,"density-1",1
"V51","V147",1,1,3,"density-1",1
"V52","V5",1,1,3,"density-1",1
"V52","V105",1,1,3,"density-1",1
"V52","V112",1,1,3,"density-1",1
"V52","V145",1,1,3,"density-1",1
"V53","V82",1,1,3,"density-1",1
"V53","V138",1,1,3,"density-1",1
"V53","V154",1,1,3,"density-1",1
"V54","V14",1,1,3,"density-1",1
"V54","V154",1,1,3,"density-1",1
"V55","V26",1,1,3,"density-1",1
"V56","V132",1,1,3,"density-1",1
"V56","V149",1,1,3,"density-1",1
"V57","V120",1,1,3,"density-1",1
"V58",NA,NA,1,3,"density-1",1
"V59","V32",1,1,3,"density-1",1
"V59","V74",1,1,3,"density-1",1
"V60",NA,NA,1,3,"density-1",1
"V61","V90",1,1,3,"density-1",1
"V61","V147",1,1,3,"density-1",1
"V62","V25",1,1,3,"density-1",1
"V62","V85",1,1,3,"density-1",1
"V62","V98",1,1,3,"density-1",1
"V62","V120",1,1,3,"density-1",1
"V63","V82",1,1,3,"density-1",1
"V64",NA,NA,1,3,"density-1",1
"V65","V96",1,1,3,"density-1",1
"V65","V104",1,1,3,"density-1",1
"V66",NA,NA,1,3,"density-1",1
"V67","V77",1,1,3,"density-1",1
"V67","V83",1,1,3,"density-1",1
"V67","V103",1,1,3,"density-1",1
"V68","V124",1,1,3,"density-1",1
"V69","V83",1,1,3,"density-1",1
"V70","V20",1,1,3,"density-1",1
"V71","V138",1,1,3,"density-1",1
"V72","V40",1,1,3,"density-1",1
"V72","V121",1,1,3,"density-1",1
"V73","V37",1,1,3,"density-1",1
"V73","V45",1,1,3,"density-1",1
"V73","V110",1,1,3,"density-1",1
"V73","V136",1,1,3,"density-1",1
"V74","V114",1,1,3,"density-1",1
"V75","V77",1,1,3,"density-1",1
"V76","V147",1,1,3,"density-1",1
"V76","V150",1,1,3,"density-1",1
"V77","V75",1,1,3,"density-1",1
"V77","V95",1,1,3,"density-1",1
"V78","V101",1,1,3,"density-1",1
"V79","V111",1,1,3,"density-1",1
"V80","V2",1,1,3,"density-1",1
"V80","V22",1,1,3,"density-1",1
"V80","V62",1,1,3,"density-1",1
"V81",NA,NA,1,3,"density-1",1
"V82","V53",1,1,3,"density-1",1
"V83","V67",1,1,3,"density-1",1
"V84","V123",1,1,3,"density-1",1
"V84","V141",1,1,3,"density-1",1
"V85",NA,NA,1,3,"density-1",1
"V86","V95",1,1,3,"density-1",1
"V87",NA,NA,1,3,"density-1",1
"V88","V1",1,1,3,"density-1",1
"V88","V20",1,1,3,"density-1",1
"V88","V40",1,1,3,"density-1",1
"V88","V124",1,1,3,"density-1",1
"V89","V14",1,1,3,"density-1",1
"V89","V60",1,1,3,"density-1",1
"V89","V74",1,1,3,"density-1",1
"V90","V61",1,1,3,"density-1",1
"V91","V94",1,1,3,"density-1",1
"V92","V35",1,1,3,"density-1",1
"V93","V116",1,1,3,"density-1",1
"V94","V76",1,1,3,"density-1",1
"V94","V91",1,1,3,"density-1",1
"V94","V99",1,1,3,"density-1",1
"V95","V76",1,1,3,"density-1",1
"V95","V86",1,1,3,"density-1",1
"V95","V106",1,1,3,"density-1",1
"V96","V41",1,1,3,"density-1",1
"V97","V45",1,1,3,"density-1",1
"V98","V62",1,1,3,"density-1",1
"V98","V137",1,1,3,"density-1",1
"V99","V76",1,1,3,"density-1",1
"V100",NA,NA,1,3,"density-1",1
"V101","V78",1,1,3,"density-1",1
"V102","V107",1,1,3,"density-1",1
"V103","V12",1,1,3,"density-1",1
"V103","V73",1,1,3,"density-1",1
"V103","V86",1,1,3,"density-1",1
"V104","V45",1,1,3,"density-1",1
"V104","V65",1,1,3,"density-1",1
"V104","V107",1,1,3,"density-1",1
"V104","V135",1,1,3,"density-1",1
"V104","V149",1,1,3,"density-1",1
"V105","V52",1,1,3,"density-1",1
"V106","V86",1,1,3,"density-1",1
"V106","V95",1,1,3,"density-1",1
"V107","V7",1,1,3,"density-1",1
"V107","V11",1,1,3,"density-1",1
"V107","V102",1,1,3,"density-1",1
"V107","V151",1,1,3,"density-1",1
"V108","V11",1,1,3,"density-1",1
"V109","V60",1,1,3,"density-1",1
"V109","V114",1,1,3,"density-1",1
"V110","V27",1,1,3,"density-1",1
"V110","V47",1,1,3,"density-1",1
"V111","V142",1,1,3,"density-1",1
"V112","V125",1,1,3,"density-1",1
"V113","V12",1,1,3,"density-1",1
"V113","V13",1,1,3,"density-1",1
"V113","V135",1,1,3,"density-1",1
"V114","V10",1,1,3,"density-1",1
"V115","V96",1,1,3,"density-1",1
"V116","V38",1,1,3,"density-1",1
"V116","V93",1,1,3,"density-1",1
"V117","V72",1,1,3,"density-1",1
"V117","V106",1,1,3,"density-1",1
"V118","V71",1,1,3,"density-1",1
"V118","V76",1,1,3,"density-1",1
"V119",NA,NA,1,3,"density-1",1
"V120","V57",1,1,3,"density-1",1
"V121","V27",1,1,3,"density-1",1
"V121","V42",1,1,3,"density-1",1
"V121","V64",1,1,3,"density-1",1
"V121","V72",1,1,3,"density-1",1
"V122","V130",1,1,3,"density-1",1
"V123","V84",1,1,3,"density-1",1
"V123","V124",1,1,3,"density-1",1
"V123","V147",1,1,3,"density-1",1
"V124","V10",1,1,3,"density-1",1
"V124","V52",1,1,3,"density-1",1
"V124","V88",1,1,3,"density-1",1
"V124","V137",1,1,3,"density-1",1
"V125",NA,NA,1,3,"density-1",1
"V126","V146",1,1,3,"density-1",1
"V127","V43",1,1,3,"density-1",1
"V127","V136",1,1,3,"density-1",1
"V128","V4",1,1,3,"density-1",1
"V129","V45",1,1,3,"density-1",1
"V129","V98",1,1,3,"density-1",1
"V129","V123",1,1,3,"density-1",1
"V129","V145",1,1,3,"density-1",1
"V130",NA,NA,1,3,"density-1",1
"V131","V37",1,1,3,"density-1",1
"V132","V13",1,1,3,"density-1",1
"V132","V56",1,1,3,"density-1",1
"V133",NA,NA,1,3,"density-1",1
"V134","V140",1,1,3,"density-1",1
"V135","V104",1,1,3,"density-1",1
"V135","V113",1,1,3,"density-1",1
"V136","V73",1,1,3,"density-1",1
"V136","V90",1,1,3,"density-1",1
"V137","V37",1,1,3,"density-1",1
"V137","V124",1,1,3,"density-1",1
"V138","V71",1,1,3,"density-1",1
"V138","V102",1,1,3,"density-1",1
"V139","V48",1,1,3,"density-1",1
"V139","V112",1,1,3,"density-1",1
"V140","V28",1,1,3,"density-1",1
"V140","V40",1,1,3,"density-1",1
"V140","V46",1,1,3,"density-1",1
"V140","V126",1,1,3,"density-1",1
"V141",NA,NA,1,3,"density-1",1
"V142","V38",1,1,3,"density-1",1
"V143","V51",1,1,3,"density-1",1
"V144","V65",1,1,3,"density-1",1
"V145","V52",1,1,3,"density-1",1
"V145","V129",1,1,3,"density-1",1
"V146","V126",1,1,3,"density-1",1
"V147","V45",1,1,3,"density-1",1
"V147","V49",1,1,3,"density-1",1
"V147","V51",1,1,3,"density-1",1
"V147","V61",1,1,3,"density-1",1
"V147","V64",1,1,3,"density-1",1
"V147","V123",1,1,3,"density-1",1
"V148","V28",1,1,3,"density-1",1
"V148","V32",1,1,3,"density-1",1
"V149","V77",1,1,3,"density-1",1
"V149","V92",1,1,3,"density-1",1
"V150",NA,NA,1,3,"density-1",1
"V151","V65",1,1,3,"density-1",1
"V151","V110",1,1,3,"density-1",1
"V152",NA,NA,1,3,"density-1",1
"V153",NA,NA,1,3,"density-1",1
"V154","V53",1,1,3,"density-1",1
"V154","V54",1,1,3,"density-1",1
"V155","V14",1,1,3,"density-1",1
"V155","V70",1,1,3,"density-1",1
"V155","V105",1,1,3,"density-1",1
"V1","V20",1,1,4,"density-1",3
"V1","V88",1,1,4,"density-1",3
"V1","V116",1,1,4,"density-1",3
"V2",NA,NA,1,4,"density-1",3
"V3",NA,NA,1,4,"density-1",3
"V4","V128",1,1,4,"density-1",3
"V4","V146",1,1,4,"density-1",3
"V5","V9",1,1,4,"density-1",3
"V5","V101",1,1,4,"density-1",3
"V6","V28",1,1,4,"density-1",3
"V6","V37",1,1,4,"density-1",3
"V7","V27",1,1,4,"density-1",3
"V7","V34",1,1,4,"density-1",3
"V7","V76",1,1,4,"density-1",3
"V7","V107",1,1,4,"density-1",3
"V8","V24",1,1,4,"density-1",3
"V8","V30",1,1,4,"density-1",3
"V9","V5",1,1,4,"density-1",3
"V9","V121",1,1,4,"density-1",3
"V10","V3",1,1,4,"density-1",3
"V11","V46",1,1,4,"density-1",3
"V12","V103",1,1,4,"density-1",3
"V12","V113",1,1,4,"density-1",3
"V12","V119",1,1,4,"density-1",3
"V13","V113",1,1,4,"density-1",3
"V13","V120",1,1,4,"density-1",3
"V13","V145",1,1,4,"density-1",3
"V14","V30",1,1,4,"density-1",3
"V14","V60",1,1,4,"density-1",3
"V14","V89",1,1,4,"density-1",3
"V15","V2",1,1,4,"density-1",3
"V15","V77",1,1,4,"density-1",3
"V15","V104",1,1,4,"density-1",3
"V15","V148",1,1,4,"density-1",3
"V16","V115",1,1,4,"density-1",3
"V17","V36",1,1,4,"density-1",3
"V17","V128",1,1,4,"density-1",3
"V18",NA,NA,1,4,"density-1",3
"V19","V40",1,1,4,"density-1",3
"V20","V88",1,1,4,"density-1",3
"V21","V19",1,1,4,"density-1",3
"V22","V80",1,1,4,"density-1",3
"V23","V25",1,1,4,"density-1",3
"V24",NA,NA,1,4,"density-1",3
"V25","V23",1,1,4,"density-1",3
"V25","V147",1,1,4,"density-1",3
"V26","V7",1,1,4,"density-1",3
"V26","V68",1,1,4,"density-1",3
"V27","V7",1,1,4,"density-1",3
"V27","V19",1,1,4,"density-1",3
"V28",NA,NA,1,4,"density-1",3
"V29","V23",1,1,4,"density-1",3
"V30","V8",1,1,4,"density-1",3
"V30","V14",1,1,4,"density-1",3
"V30","V29",1,1,4,"density-1",3
"V31","V22",1,1,4,"density-1",3
"V31","V23",1,1,4,"density-1",3
"V32",NA,NA,1,4,"density-1",3
"V33","V13",1,1,4,"density-1",3
"V33","V28",1,1,4,"density-1",3
"V33","V55",1,1,4,"density-1",3
"V33","V61",1,1,4,"density-1",3
"V33","V87",1,1,4,"density-1",3
"V33","V100",1,1,4,"density-1",3
"V33","V129",1,1,4,"density-1",3
"V34","V7",1,1,4,"density-1",3
"V35",NA,NA,1,4,"density-1",3
"V36","V17",1,1,4,"density-1",3
"V36","V137",1,1,4,"density-1",3
"V37","V6",1,1,4,"density-1",3
"V37","V137",1,1,4,"density-1",3
"V38","V101",1,1,4,"density-1",3
"V38","V142",1,1,4,"density-1",3
"V39",NA,NA,1,4,"density-1",3
"V40",NA,NA,1,4,"density-1",3
"V41","V149",1,1,4,"density-1",3
"V42",NA,NA,1,4,"density-1",3
"V43","V123",1,1,4,"density-1",3
"V43","V127",1,1,4,"density-1",3
"V44",NA,NA,1,4,"density-1",3
"V45",NA,NA,1,4,"density-1",3
"V46","V60",1,1,4,"density-1",3
"V46","V140",1,1,4,"density-1",3
"V47","V70",1,1,4,"density-1",3
"V47","V110",1,1,4,"density-1",3
"V48","V143",1,1,4,"density-1",3
"V49","V130",1,1,4,"density-1",3
"V50",NA,NA,1,4,"density-1",3
"V51","V61",1,1,4,"density-1",3
"V51","V121",1,1,4,"density-1",3
"V52","V105",1,1,4,"density-1",3
"V52","V112",1,1,4,"density-1",3
"V52","V137",1,1,4,"density-1",3
"V53","V82",1,1,4,"density-1",3
"V53","V154",1,1,4,"density-1",3
"V54","V119",1,1,4,"density-1",3
"V54","V154",1,1,4,"density-1",3
"V55","V33",1,1,4,"density-1",3
"V55","V36",1,1,4,"density-1",3
"V56","V132",1,1,4,"density-1",3
"V57","V120",1,1,4,"density-1",3
"V58",NA,NA,1,4,"density-1",3
"V59",NA,NA,1,4,"density-1",3
"V60","V14",1,1,4,"density-1",3
"V61","V90",1,1,4,"density-1",3
"V61","V147",1,1,4,"density-1",3
"V62","V35",1,1,4,"density-1",3
"V62","V98",1,1,4,"density-1",3
"V62","V112",1,1,4,"density-1",3
"V63",NA,NA,1,4,"density-1",3
"V64","V83",1,1,4,"density-1",3
"V65","V42",1,1,4,"density-1",3
"V65","V104",1,1,4,"density-1",3
"V65","V115",1,1,4,"density-1",3
"V66","V7",1,1,4,"density-1",3
"V67","V77",1,1,4,"density-1",3
"V67","V83",1,1,4,"density-1",3
"V68","V26",1,1,4,"density-1",3
"V68","V124",1,1,4,"density-1",3
"V69","V60",1,1,4,"density-1",3
"V70",NA,NA,1,4,"density-1",3
"V71","V138",1,1,4,"density-1",3
"V72","V40",1,1,4,"density-1",3
"V72","V121",1,1,4,"density-1",3
"V73","V37",1,1,4,"density-1",3
"V73","V45",1,1,4,"density-1",3
"V73","V136",1,1,4,"density-1",3
"V74","V133",1,1,4,"density-1",3
"V74","V146",1,1,4,"density-1",3
"V75","V77",1,1,4,"density-1",3
"V76","V7",1,1,4,"density-1",3
"V76","V14",1,1,4,"density-1",3
"V76","V94",1,1,4,"density-1",3
"V76","V147",1,1,4,"density-1",3
"V76","V150",1,1,4,"density-1",3
"V77","V75",1,1,4,"density-1",3
"V78","V44",1,1,4,"density-1",3
"V78","V53",1,1,4,"density-1",3
"V78","V83",1,1,4,"density-1",3
"V78","V101",1,1,4,"density-1",3
"V79","V117",1,1,4,"density-1",3
"V80","V22",1,1,4,"density-1",3
"V80","V129",1,1,4,"density-1",3
"V81",NA,NA,1,4,"density-1",3
"V82","V53",1,1,4,"density-1",3
"V82","V131",1,1,4,"density-1",3
"V83","V67",1,1,4,"density-1",3
"V84","V123",1,1,4,"density-1",3
"V85",NA,NA,1,4,"density-1",3
"V86",NA,NA,1,4,"density-1",3
"V87",NA,NA,1,4,"density-1",3
"V88","V1",1,1,4,"density-1",3
"V88","V20",1,1,4,"density-1",3
"V88","V40",1,1,4,"density-1",3
"V88","V60",1,1,4,"density-1",3
"V88","V116",1,1,4,"density-1",3
"V88","V124",1,1,4,"density-1",3
"V89","V14",1,1,4,"density-1",3
"V89","V60",1,1,4,"density-1",3
"V90","V47",1,1,4,"density-1",3
"V90","V61",1,1,4,"density-1",3
"V90","V136",1,1,4,"density-1",3
"V91","V94",1,1,4,"density-1",3
"V91","V151",1,1,4,"density-1",3
"V92","V17",1,1,4,"density-1",3
"V92","V102",1,1,4,"density-1",3
"V93","V116",1,1,4,"density-1",3
"V94","V76",1,1,4,"density-1",3
"V94","V91",1,1,4,"density-1",3
"V95","V86",1,1,4,"density-1",3
"V95","V106",1,1,4,"density-1",3
"V95","V131",1,1,4,"density-1",3
"V95","V136",1,1,4,"density-1",3
"V96",NA,NA,1,4,"density-1",3
"V97",NA,NA,1,4,"density-1",3
"V98","V62",1,1,4,"density-1",3
"V98","V137",1,1,4,"density-1",3
"V99","V57",1,1,4,"density-1",3
"V100","V13",1,1,4,"density-1",3
"V100","V33",1,1,4,"density-1",3
"V101","V78",1,1,4,"density-1",3
"V101","V135",1,1,4,"density-1",3
"V102","V92",1,1,4,"density-1",3
"V103","V12",1,1,4,"density-1",3
"V104","V5",1,1,4,"density-1",3
"V104","V15",1,1,4,"density-1",3
"V104","V65",1,1,4,"density-1",3
"V105","V52",1,1,4,"density-1",3
"V105","V114",1,1,4,"density-1",3
"V106","V86",1,1,4,"density-1",3
"V106","V95",1,1,4,"density-1",3
"V106","V127",1,1,4,"density-1",3
"V107","V7",1,1,4,"density-1",3
"V107","V134",1,1,4,"density-1",3
"V108",NA,NA,1,4,"density-1",3
"V109","V119",1,1,4,"density-1",3
"V110","V47",1,1,4,"density-1",3
"V110","V148",1,1,4,"density-1",3
"V111","V77",1,1,4,"density-1",3
"V111","V142",1,1,4,"density-1",3
"V112","V52",1,1,4,"density-1",3
"V112","V62",1,1,4,"density-1",3
"V112","V125",1,1,4,"density-1",3
"V112","V129",1,1,4,"density-1",3
"V113","V12",1,1,4,"density-1",3
"V113","V115",1,1,4,"density-1",3
"V113","V135",1,1,4,"density-1",3
"V114","V2",1,1,4,"density-1",3
"V114","V10",1,1,4,"density-1",3
"V114","V57",1,1,4,"density-1",3
"V115",NA,NA,1,4,"density-1",3
"V116","V1",1,1,4,"density-1",3
"V116","V88",1,1,4,"density-1",3
"V116","V93",1,1,4,"density-1",3
"V117","V72",1,1,4,"density-1",3
"V118","V98",1,1,4,"density-1",3
"V118","V131",1,1,4,"density-1",3
"V119",NA,NA,1,4,"density-1",3
"V120","V57",1,1,4,"density-1",3
"V121","V9",1,1,4,"density-1",3
"V121","V42",1,1,4,"density-1",3
"V121","V72",1,1,4,"density-1",3
"V122","V41",1,1,4,"density-1",3
"V122","V130",1,1,4,"density-1",3
"V123","V43",1,1,4,"density-1",3
"V123","V84",1,1,4,"density-1",3
"V123","V124",1,1,4,"density-1",3
"V123","V147",1,1,4,"density-1",3
"V124","V144",1,1,4,"density-1",3
"V125",NA,NA,1,4,"density-1",3
"V126",NA,NA,1,4,"density-1",3
"V127","V43",1,1,4,"density-1",3
"V127","V90",1,1,4,"density-1",3
"V128","V4",1,1,4,"density-1",3
"V129","V98",1,1,4,"density-1",3
"V129","V123",1,1,4,"density-1",3
"V129","V145",1,1,4,"density-1",3
"V130","V49",1,1,4,"density-1",3
"V130","V122",1,1,4,"density-1",3
"V131","V95",1,1,4,"density-1",3
"V132","V56",1,1,4,"density-1",3
"V133","V28",1,1,4,"density-1",3
"V134","V33",1,1,4,"density-1",3
"V135","V113",1,1,4,"density-1",3
"V136","V18",1,1,4,"density-1",3
"V136","V65",1,1,4,"density-1",3
"V136","V73",1,1,4,"density-1",3
"V136","V90",1,1,4,"density-1",3
"V137","V98",1,1,4,"density-1",3
"V138","V33",1,1,4,"density-1",3
"V138","V71",1,1,4,"density-1",3
"V139",NA,NA,1,4,"density-1",3
"V140","V40",1,1,4,"density-1",3
"V140","V46",1,1,4,"density-1",3
"V140","V118",1,1,4,"density-1",3
"V140","V122",1,1,4,"density-1",3
"V141",NA,NA,1,4,"density-1",3
"V142","V38",1,1,4,"density-1",3
"V142","V71",1,1,4,"density-1",3
"V142","V111",1,1,4,"density-1",3
"V143","V48",1,1,4,"density-1",3
"V143","V153",1,1,4,"density-1",3
"V144","V120",1,1,4,"density-1",3
"V145","V111",1,1,4,"density-1",3
"V145","V129",1,1,4,"density-1",3
"V146",NA,NA,1,4,"density-1",3
"V147","V45",1,1,4,"density-1",3
"V147","V51",1,1,4,"density-1",3
"V147","V61",1,1,4,"density-1",3
"V148","V110",1,1,4,"density-1",3
"V149",NA,NA,1,4,"density-1",3
"V150",NA,NA,1,4,"density-1",3
"V151","V91",1,1,4,"density-1",3
"V152","V88",1,1,4,"density-1",3
"V153","V143",1,1,4,"density-1",3
"V154","V54",1,1,4,"density-1",3
"V155",NA,NA,1,4,"density-1",3
"V1","V50",1,1,5,"density-1",5
"V2",NA,NA,1,5,"density-1",5
"V3","V54",1,1,5,"density-1",5
"V4","V128",1,1,5,"density-1",5
"V5","V9",1,1,5,"density-1",5
"V5","V10",1,1,5,"density-1",5
"V5","V33",1,1,5,"density-1",5
"V5","V149",1,1,5,"density-1",5
"V6","V37",1,1,5,"density-1",5
"V7","V107",1,1,5,"density-1",5
"V8",NA,NA,1,5,"density-1",5
"V9","V5",1,1,5,"density-1",5
"V9","V131",1,1,5,"density-1",5
"V10","V114",1,1,5,"density-1",5
"V11",NA,NA,1,5,"density-1",5
"V12","V103",1,1,5,"density-1",5
"V12","V113",1,1,5,"density-1",5
"V13","V54",1,1,5,"density-1",5
"V13","V93",1,1,5,"density-1",5
"V13","V113",1,1,5,"density-1",5
"V13","V120",1,1,5,"density-1",5
"V13","V145",1,1,5,"density-1",5
"V14","V50",1,1,5,"density-1",5
"V14","V60",1,1,5,"density-1",5
"V14","V89",1,1,5,"density-1",5
"V14","V131",1,1,5,"density-1",5
"V15",NA,NA,1,5,"density-1",5
"V16",NA,NA,1,5,"density-1",5
"V17","V36",1,1,5,"density-1",5
"V17","V53",1,1,5,"density-1",5
"V18",NA,NA,1,5,"density-1",5
"V19","V40",1,1,5,"density-1",5
"V19","V143",1,1,5,"density-1",5
"V19","V149",1,1,5,"density-1",5
"V20","V88",1,1,5,"density-1",5
"V21","V36",1,1,5,"density-1",5
"V22","V80",1,1,5,"density-1",5
"V23","V25",1,1,5,"density-1",5
"V23","V29",1,1,5,"density-1",5
"V24",NA,NA,1,5,"density-1",5
"V25","V23",1,1,5,"density-1",5
"V25","V147",1,1,5,"density-1",5
"V26",NA,NA,1,5,"density-1",5
"V27",NA,NA,1,5,"density-1",5
"V28","V58",1,1,5,"density-1",5
"V28","V74",1,1,5,"density-1",5
"V29","V23",1,1,5,"density-1",5
"V30","V29",1,1,5,"density-1",5
"V31","V151",1,1,5,"density-1",5
"V32",NA,NA,1,5,"density-1",5
"V33","V61",1,1,5,"density-1",5
"V33","V100",1,1,5,"density-1",5
"V33","V129",1,1,5,"density-1",5
"V34","V117",1,1,5,"density-1",5
"V35",NA,NA,1,5,"density-1",5
"V36","V17",1,1,5,"density-1",5
"V36","V30",1,1,5,"density-1",5
"V36","V137",1,1,5,"density-1",5
"V37","V6",1,1,5,"density-1",5
"V37","V55",1,1,5,"density-1",5
"V37","V94",1,1,5,"density-1",5
"V37","V118",1,1,5,"density-1",5
"V37","V137",1,1,5,"density-1",5
"V38",NA,NA,1,5,"density-1",5
"V39",NA,NA,1,5,"density-1",5
"V40","V39",1,1,5,"density-1",5
"V41","V95",1,1,5,"density-1",5
"V41","V111",1,1,5,"density-1",5
"V41","V146",1,1,5,"density-1",5
"V42","V96",1,1,5,"density-1",5
"V43","V127",1,1,5,"density-1",5
"V44","V27",1,1,5,"density-1",5
"V44","V135",1,1,5,"density-1",5
"V45",NA,NA,1,5,"density-1",5
"V46","V60",1,1,5,"density-1",5
"V46","V140",1,1,5,"density-1",5
"V47","V70",1,1,5,"density-1",5
"V47","V110",1,1,5,"density-1",5
"V48","V57",1,1,5,"density-1",5
"V49","V53",1,1,5,"density-1",5
"V50",NA,NA,1,5,"density-1",5
"V51","V61",1,1,5,"density-1",5
"V51","V81",1,1,5,"density-1",5
"V51","V104",1,1,5,"density-1",5
"V52","V65",1,1,5,"density-1",5
"V52","V105",1,1,5,"density-1",5
"V52","V112",1,1,5,"density-1",5
"V53","V17",1,1,5,"density-1",5
"V53","V49",1,1,5,"density-1",5
"V53","V82",1,1,5,"density-1",5
"V53","V101",1,1,5,"density-1",5
"V53","V128",1,1,5,"density-1",5
"V53","V154",1,1,5,"density-1",5
"V54","V3",1,1,5,"density-1",5
"V54","V154",1,1,5,"density-1",5
"V55",NA,NA,1,5,"density-1",5
"V56","V132",1,1,5,"density-1",5
"V56","V148",1,1,5,"density-1",5
"V57","V1",1,1,5,"density-1",5
"V57","V36",1,1,5,"density-1",5
"V57","V98",1,1,5,"density-1",5
"V57","V120",1,1,5,"density-1",5
"V58","V6",1,1,5,"density-1",5
"V58","V19",1,1,5,"density-1",5
"V58","V28",1,1,5,"density-1",5
"V59",NA,NA,1,5,"density-1",5
"V60","V46",1,1,5,"density-1",5
"V61","V90",1,1,5,"density-1",5
"V61","V147",1,1,5,"density-1",5
"V62","V98",1,1,5,"density-1",5
"V62","V138",1,1,5,"density-1",5
"V62","V139",1,1,5,"density-1",5
"V63","V2",1,1,5,"density-1",5
"V64",NA,NA,1,5,"density-1",5
"V65","V104",1,1,5,"density-1",5
"V66","V102",1,1,5,"density-1",5
"V67","V64",1,1,5,"density-1",5
"V67","V77",1,1,5,"density-1",5
"V67","V83",1,1,5,"density-1",5
"V67","V103",1,1,5,"density-1",5
"V67","V120",1,1,5,"density-1",5
"V67","V143",1,1,5,"density-1",5
"V68","V10",1,1,5,"density-1",5
"V68","V124",1,1,5,"density-1",5
"V69","V29",1,1,5,"density-1",5
"V69","V36",1,1,5,"density-1",5
"V69","V109",1,1,5,"density-1",5
"V70",NA,NA,1,5,"density-1",5
"V71","V102",1,1,5,"density-1",5
"V71","V138",1,1,5,"density-1",5
"V72","V40",1,1,5,"density-1",5
"V72","V121",1,1,5,"density-1",5
"V73","V25",1,1,5,"density-1",5
"V73","V45",1,1,5,"density-1",5
"V73","V136",1,1,5,"density-1",5
"V74",NA,NA,1,5,"density-1",5
"V75","V67",1,1,5,"density-1",5
"V75","V77",1,1,5,"density-1",5
"V75","V81",1,1,5,"density-1",5
"V76","V147",1,1,5,"density-1",5
"V76","V150",1,1,5,"density-1",5
"V77","V75",1,1,5,"density-1",5
"V78","V101",1,1,5,"density-1",5
"V79","V86",1,1,5,"density-1",5
"V80","V8",1,1,5,"density-1",5
"V80","V22",1,1,5,"density-1",5
"V81",NA,NA,1,5,"density-1",5
"V82","V15",1,1,5,"density-1",5
"V82","V53",1,1,5,"density-1",5
"V83","V60",1,1,5,"density-1",5
"V83","V67",1,1,5,"density-1",5
"V84","V123",1,1,5,"density-1",5
"V85",NA,NA,1,5,"density-1",5
"V86","V23",1,1,5,"density-1",5
"V86","V106",1,1,5,"density-1",5
"V87",NA,NA,1,5,"density-1",5
"V88","V1",1,1,5,"density-1",5
"V88","V20",1,1,5,"density-1",5
"V88","V32",1,1,5,"density-1",5
"V88","V40",1,1,5,"density-1",5
"V88","V124",1,1,5,"density-1",5
"V89","V14",1,1,5,"density-1",5
"V89","V60",1,1,5,"density-1",5
"V90","V61",1,1,5,"density-1",5
"V90","V113",1,1,5,"density-1",5
"V90","V149",1,1,5,"density-1",5
"V91","V94",1,1,5,"density-1",5
"V92","V123",1,1,5,"density-1",5
"V93","V113",1,1,5,"density-1",5
"V93","V116",1,1,5,"density-1",5
"V93","V152",1,1,5,"density-1",5
"V94","V76",1,1,5,"density-1",5
"V94","V91",1,1,5,"density-1",5
"V94","V120",1,1,5,"density-1",5
"V95","V86",1,1,5,"density-1",5
"V95","V106",1,1,5,"density-1",5
"V96","V20",1,1,5,"density-1",5
"V97","V7",1,1,5,"density-1",5
"V98","V62",1,1,5,"density-1",5
"V98","V129",1,1,5,"density-1",5
"V98","V137",1,1,5,"density-1",5
"V99",NA,NA,1,5,"density-1",5
"V100","V71",1,1,5,"density-1",5
"V100","V72",1,1,5,"density-1",5
"V101","V72",1,1,5,"density-1",5
"V101","V78",1,1,5,"density-1",5
"V102",NA,NA,1,5,"density-1",5
"V103","V12",1,1,5,"density-1",5
"V103","V67",1,1,5,"density-1",5
"V104","V65",1,1,5,"density-1",5
"V105","V52",1,1,5,"density-1",5
"V105","V76",1,1,5,"density-1",5
"V105","V103",1,1,5,"density-1",5
"V106","V86",1,1,5,"density-1",5
"V106","V95",1,1,5,"density-1",5
"V107","V7",1,1,5,"density-1",5
"V108",NA,NA,1,5,"density-1",5
"V109","V69",1,1,5,"density-1",5
"V110","V47",1,1,5,"density-1",5
"V111","V61",1,1,5,"density-1",5
"V111","V133",1,1,5,"density-1",5
"V111","V142",1,1,5,"density-1",5
"V112","V125",1,1,5,"density-1",5
"V113","V12",1,1,5,"density-1",5
"V113","V135",1,1,5,"density-1",5
"V113","V153",1,1,5,"density-1",5
"V114","V10",1,1,5,"density-1",5
"V114","V151",1,1,5,"density-1",5
"V115","V59",1,1,5,"density-1",5
"V115","V67",1,1,5,"density-1",5
"V116","V19",1,1,5,"density-1",5
"V116","V93",1,1,5,"density-1",5
"V116","V110",1,1,5,"density-1",5
"V117","V72",1,1,5,"density-1",5
"V118",NA,NA,1,5,"density-1",5
"V119","V121",1,1,5,"density-1",5
"V120","V33",1,1,5,"density-1",5
"V120","V57",1,1,5,"density-1",5
"V121","V42",1,1,5,"density-1",5
"V121","V72",1,1,5,"density-1",5
"V122","V130",1,1,5,"density-1",5
"V123","V63",1,1,5,"density-1",5
"V123","V84",1,1,5,"density-1",5
"V123","V92",1,1,5,"density-1",5
"V123","V124",1,1,5,"density-1",5
"V123","V147",1,1,5,"density-1",5
"V124",NA,NA,1,5,"density-1",5
"V125","V112",1,1,5,"density-1",5
"V126",NA,NA,1,5,"density-1",5
"V127","V11",1,1,5,"density-1",5
"V127","V43",1,1,5,"density-1",5
"V128","V4",1,1,5,"density-1",5
"V128","V53",1,1,5,"density-1",5
"V129","V98",1,1,5,"density-1",5
"V129","V145",1,1,5,"density-1",5
"V130","V122",1,1,5,"density-1",5
"V131","V9",1,1,5,"density-1",5
"V131","V10",1,1,5,"density-1",5
"V132","V56",1,1,5,"density-1",5
"V133",NA,NA,1,5,"density-1",5
"V134","V65",1,1,5,"density-1",5
"V134","V113",1,1,5,"density-1",5
"V134","V131",1,1,5,"density-1",5
"V135","V2",1,1,5,"density-1",5
"V135","V44",1,1,5,"density-1",5
"V135","V113",1,1,5,"density-1",5
"V136","V73",1,1,5,"density-1",5
"V136","V90",1,1,5,"density-1",5
"V137","V60",1,1,5,"density-1",5
"V138","V71",1,1,5,"density-1",5
"V138","V91",1,1,5,"density-1",5
"V139","V100",1,1,5,"density-1",5
"V140","V18",1,1,5,"density-1",5
"V140","V40",1,1,5,"density-1",5
"V140","V46",1,1,5,"density-1",5
"V141",NA,NA,1,5,"density-1",5
"V142","V38",1,1,5,"density-1",5
"V142","V121",1,1,5,"density-1",5
"V143","V19",1,1,5,"density-1",5
"V144",NA,NA,1,5,"density-1",5
"V145","V44",1,1,5,"density-1",5
"V145","V129",1,1,5,"density-1",5
"V146",NA,NA,1,5,"density-1",5
"V147","V45",1,1,5,"density-1",5
"V147","V51",1,1,5,"density-1",5
"V147","V61",1,1,5,"density-1",5
"V147","V123",1,1,5,"density-1",5
"V148",NA,NA,1,5,"density-1",5
"V149","V13",1,1,5,"density-1",5
"V150",NA,NA,1,5,"density-1",5
"V151","V141",1,1,5,"density-1",5
"V152","V93",1,1,5,"density-1",5
"V153","V17",1,1,5,"density-1",5
"V153","V58",1,1,5,"density-1",5
"V153","V61",1,1,5,"density-1",5
"V153","V67",1,1,5,"density-1",5
"V154","V53",1,1,5,"density-1",5
"V154","V54",1,1,5,"density-1",5
"V155",NA,NA,1,5,"density-1",5
"V1","V88",1,1,1001,"basic",6
"V2","V44",1,1,1001,"basic",6
"V3","V97",1,1,1001,"basic",6
"V4","V90",1,1,1001,"basic",6
"V5","V9",1,1,1001,"basic",6
"V6","V37",1,1,1001,"basic",6
"V7","V142",1,1,1001,"basic",6
"V8",NA,NA,1,1001,"basic",6
"V9","V5",1,1,1001,"basic",6
"V9","V17",1,1,1001,"basic",6
"V10","V57",1,1,1001,"basic",6
"V11",NA,NA,1,1001,"basic",6
"V12",NA,NA,1,1001,"basic",6
"V13","V89",1,1,1001,"basic",6
"V13","V113",1,1,1001,"basic",6
"V14",NA,NA,1,1001,"basic",6
"V15","V139",1,1,1001,"basic",6
"V16",NA,NA,1,1001,"basic",6
"V17","V9",1,1,1001,"basic",6
"V18",NA,NA,1,1001,"basic",6
"V19",NA,NA,1,1001,"basic",6
"V20","V88",1,1,1001,"basic",6
"V21",NA,NA,1,1001,"basic",6
"V22",NA,NA,1,1001,"basic",6
"V23","V25",1,1,1001,"basic",6
"V24","V16",1,1,1001,"basic",6
"V24","V62",1,1,1001,"basic",6
"V25","V63",1,1,1001,"basic",6
"V26",NA,NA,1,1001,"basic",6
"V27",NA,NA,1,1001,"basic",6
"V28",NA,NA,1,1001,"basic",6
"V29","V45",1,1,1001,"basic",6
"V30",NA,NA,1,1001,"basic",6
"V31",NA,NA,1,1001,"basic",6
"V32",NA,NA,1,1001,"basic",6
"V33",NA,NA,1,1001,"basic",6
"V34",NA,NA,1,1001,"basic",6
"V35",NA,NA,1,1001,"basic",6
"V36",NA,NA,1,1001,"basic",6
"V37","V6",1,1,1001,"basic",6
"V37","V137",1,1,1001,"basic",6
"V38",NA,NA,1,1001,"basic",6
"V39","V97",1,1,1001,"basic",6
"V40","V72",1,1,1001,"basic",6
"V41",NA,NA,1,1001,"basic",6
"V42","V99",1,1,1001,"basic",6
"V43","V13",1,1,1001,"basic",6
"V44","V2",1,1,1001,"basic",6
"V44","V151",1,1,1001,"basic",6
"V45","V73",1,1,1001,"basic",6
"V46",NA,NA,1,1001,"basic",6
"V47","V70",1,1,1001,"basic",6
"V47","V110",1,1,1001,"basic",6
"V48",NA,NA,1,1001,"basic",6
"V49",NA,NA,1,1001,"basic",6
"V50","V136",1,1,1001,"basic",6
"V51",NA,NA,1,1001,"basic",6
"V52",NA,NA,1,1001,"basic",6
"V53",NA,NA,1,1001,"basic",6
"V54","V20",1,1,1001,"basic",6
"V54","V83",1,1,1001,"basic",6
"V54","V154",1,1,1001,"basic",6
"V55","V92",1,1,1001,"basic",6
"V56","V132",1,1,1001,"basic",6
"V57","V120",1,1,1001,"basic",6
"V58",NA,NA,1,1001,"basic",6
"V59",NA,NA,1,1001,"basic",6
"V60","V48",1,1,1001,"basic",6
"V61","V90",1,1,1001,"basic",6
"V61","V98",1,1,1001,"basic",6
"V61","V147",1,1,1001,"basic",6
"V62",NA,NA,1,1001,"basic",6
"V63",NA,NA,1,1001,"basic",6
"V64",NA,NA,1,1001,"basic",6
"V65","V104",1,1,1001,"basic",6
"V66","V24",1,1,1001,"basic",6
"V67","V83",1,1,1001,"basic",6
"V67","V90",1,1,1001,"basic",6
"V68",NA,NA,1,1001,"basic",6
"V69",NA,NA,1,1001,"basic",6
"V70",NA,NA,1,1001,"basic",6
"V71","V59",1,1,1001,"basic",6
"V72","V40",1,1,1001,"basic",6
"V72","V121",1,1,1001,"basic",6
"V73","V45",1,1,1001,"basic",6
"V73","V136",1,1,1001,"basic",6
"V74","V150",1,1,1001,"basic",6
"V75",NA,NA,1,1001,"basic",6
"V76","V150",1,1,1001,"basic",6
"V77","V75",1,1,1001,"basic",6
"V78",NA,NA,1,1001,"basic",6
"V79",NA,NA,1,1001,"basic",6
"V80","V22",1,1,1001,"basic",6
"V80","V90",1,1,1001,"basic",6
"V81",NA,NA,1,1001,"basic",6
"V82",NA,NA,1,1001,"basic",6
"V83","V54",1,1,1001,"basic",6
"V83","V67",1,1,1001,"basic",6
"V84",NA,NA,1,1001,"basic",6
"V85",NA,NA,1,1001,"basic",6
"V86","V60",1,1,1001,"basic",6
"V86","V152",1,1,1001,"basic",6
"V87","V123",1,1,1001,"basic",6
"V88","V1",1,1,1001,"basic",6
"V88","V20",1,1,1001,"basic",6
"V88","V148",1,1,1001,"basic",6
"V89",NA,NA,1,1001,"basic",6
"V90","V61",1,1,1001,"basic",6
"V90","V80",1,1,1001,"basic",6
"V91","V90",1,1,1001,"basic",6
"V92","V55",1,1,1001,"basic",6
"V93",NA,NA,1,1001,"basic",6
"V94","V76",1,1,1001,"basic",6
"V95","V106",1,1,1001,"basic",6
"V96",NA,NA,1,1001,"basic",6
"V97","V3",1,1,1001,"basic",6
"V98","V62",1,1,1001,"basic",6
"V98","V137",1,1,1001,"basic",6
"V99",NA,NA,1,1001,"basic",6
"V100",NA,NA,1,1001,"basic",6
"V101",NA,NA,1,1001,"basic",6
"V102",NA,NA,1,1001,"basic",6
"V103","V128",1,1,1001,"basic",6
"V104","V65",1,1,1001,"basic",6
"V105",NA,NA,1,1001,"basic",6
"V106","V33",1,1,1001,"basic",6
"V106","V95",1,1,1001,"basic",6
"V107",NA,NA,1,1001,"basic",6
"V108","V30",1,1,1001,"basic",6
"V109","V20",1,1,1001,"basic",6
"V110","V47",1,1,1001,"basic",6
"V111","V142",1,1,1001,"basic",6
"V112","V138",1,1,1001,"basic",6
"V113","V12",1,1,1001,"basic",6
"V113","V13",1,1,1001,"basic",6
"V113","V135",1,1,1001,"basic",6
"V114",NA,NA,1,1001,"basic",6
"V115",NA,NA,1,1001,"basic",6
"V116",NA,NA,1,1001,"basic",6
"V117",NA,NA,1,1001,"basic",6
"V118","V94",1,1,1001,"basic",6
"V119","V30",1,1,1001,"basic",6
"V119","V134",1,1,1001,"basic",6
"V120","V13",1,1,1001,"basic",6
"V120","V57",1,1,1001,"basic",6
"V121","V72",1,1,1001,"basic",6
"V122",NA,NA,1,1001,"basic",6
"V123","V84",1,1,1001,"basic",6
"V123","V124",1,1,1001,"basic",6
"V124",NA,NA,1,1001,"basic",6
"V125","V154",1,1,1001,"basic",6
"V126","V117",1,1,1001,"basic",6
"V127","V43",1,1,1001,"basic",6
"V128","V99",1,1,1001,"basic",6
"V128","V103",1,1,1001,"basic",6
"V129","V36",1,1,1001,"basic",6
"V129","V145",1,1,1001,"basic",6
"V130",NA,NA,1,1001,"basic",6
"V131",NA,NA,1,1001,"basic",6
"V132",NA,NA,1,1001,"basic",6
"V133","V69",1,1,1001,"basic",6
"V134",NA,NA,1,1001,"basic",6
"V135","V113",1,1,1001,"basic",6
"V135","V152",1,1,1001,"basic",6
"V136","V73",1,1,1001,"basic",6
"V137",NA,NA,1,1001,"basic",6
"V138",NA,NA,1,1001,"basic",6
"V139",NA,NA,1,1001,"basic",6
"V140","V46",1,1,1001,"basic",6
"V141","V42",1,1,1001,"basic",6
"V142","V38",1,1,1001,"basic",6
"V143","V135",1,1,1001,"basic",6
"V144",NA,NA,1,1001,"basic",6
"V145",NA,NA,1,1001,"basic",6
"V146",NA,NA,1,1001,"basic",6
"V147","V61",1,1,1001,"basic",6
"V148",NA,NA,1,1001,"basic",6
"V149","V147",1,1,1001,"basic",6
"V150","V76",1,1,1001,"basic",6
"V151","V44",1,1,1001,"basic",6
"V152","V86",1,1,1001,"basic",6
"V153",NA,NA,1,1001,"basic",6
"V154","V54",1,1,1001,"basic",6
"V155","V107",1,1,1001,"basic",6
